tmdb_id,imdb_id,title,release_date,year,runtime,genres_tmdb,genres_omdb,overview_tmdb,plot_omdb,director,top_cast,tmdb_rating,tmdb_vote_count,popularity,imdb_rating,imdb_votes,metascore,rated,awards,box_office,poster_url
1290821,tt32357218,Shelter,2026-01-28,2026,107,"Action, Crime, Thriller","Action, Thriller","A man living in self-imposed exile on a remote island rescues a young girl from a violent storm, setting off a chain of events that forces him out of seclusion to protect her from enemies tied to his past.","Michael Mason is a recluse on a remote Scottish island who rescues a girl from the sea, unleashing a perilous sequence of events that culminate in an attack on his home, compelling him to face his turbulent history.",Ric Roman Waugh,"Jason Statham, Bodhi Rae Breathnach, Michael Shaeffer, Anna Crilly, Bill Nighy",6.8,236,373.401,6.4,5906.0,50.0,R,N/A,"$12,377,905",https://image.tmdb.org/t/p/w500/buPFnHZ3xQy6vZEHxbHgL1Pc6CR.jpg
680493,tt22868010,Return to Silent Hill,2026-01-21,2026,106,"Mystery, Drama, Horror","Drama, Horror, Mystery","When James receives a mysterious letter from his lost love Mary, he is drawn to Silent Hill—a once-familiar town now consumed by darkness. As he searches for her, James faces monstrous creatures and unravels a terrifying truth that will push him to the edge of his sanity.","When a man receives a mysterious letter from his lost love, he is drawn to Silent Hill, a once familiar town now consumed by darkness.",Christophe Gans,"Jeremy Irvine, Hannah Emily Anderson, Evie Templeton, Pearse Egan, Nicola Alexis",5.016,246,160.9873,4.1,10544.0,34.0,R,N/A,"$5,544,971",https://image.tmdb.org/t/p/w500/fqAGFN2K2kDL0EHxvJaXzaMUkkt.jpg
1159559,tt27047903,Scream 7,2026-02-25,2026,114,"Horror, Mystery, Crime","Horror, Mystery","When a new Ghostface killer emerges in the quiet town where Sidney Prescott has built a new life, her darkest fears are realized as her daughter becomes the next target. Determined to protect her family, Sidney must face the horrors of her past to put an end to the bloodshed once and for all.","When a new Ghostface killer emerges in the town where Sidney Prescott has built a new life, her darkest fears are realized as her daughter becomes the next target.",Kevin Williamson,"Neve Campbell, Courteney Cox, Isabel May, Jasmin Savoy Brown, Mason Gooding",6.0,248,151.1317,,,,R,N/A,N/A,https://image.tmdb.org/t/p/w500/jjyuk0edLiW8vOSnlfwWCCLpbh5.jpg
1236153,tt31050594,Mercy,2026-01-20,2026,99,"Science Fiction, Action, Thriller","Action, Crime, Drama","In the near future, a detective stands on trial accused of murdering his wife. He has ninety minutes to prove his innocence to the advanced AI Judge he once championed, before it determines his fate.","Set in the near future, a detective accused of murdering his wife has 90 minutes to prove his innocence to an advanced AI judge.",Timur Bekmambetov,"Chris Pratt, Rebecca Ferguson, Kali Reis, Kylie Rogers, Chris Sullivan",7.1,663,135.0507,6.2,7927.0,34.0,PG-13,1 nomination total,"$19,407,819",https://image.tmdb.org/t/p/w500/pyok1kZJCfyuFapYXzHcy7BLlQa.jpg
1084242,tt26443597,Zootopia 2,2025-11-26,2025,108,"Animation, Comedy, Adventure, Family, Mystery","Animation, Action, Adventure","After cracking the biggest case in Zootopia's history, rookie cops Judy Hopps and Nick Wilde find themselves on the twisting trail of a great mystery when Gary De'Snake arrives and turns the animal metropolis upside down. To crack the case, Judy and Nick must go undercover to unexpected new parts of town, where their growing partnership is tested like never before.","Brave rabbit cop Judy Hopps and her friend, the fox Nick Wilde, team up again to crack a new case, the most perilous and intricate of their careers.",Jared Bush,"Ginnifer Goodwin, Jason Bateman, Ke Huy Quan, Fortune Feimster, Andy Samberg",7.611,1965,128.6089,7.4,83646.0,73.0,PG,Nominated for 1 Oscar. 9 wins & 74 nominations total,"$421,357,518",https://image.tmdb.org/t/p/w500/oJ7g2CifqpStmoYQyaLQgEU32qO.jpg
840464,tt14850054,Greenland 2: Migration,2026-01-07,2026,98,"Adventure, Thriller, Science Fiction","Action, Adventure, Sci-Fi","Having found the safety of the Greenland bunker after the comet Clarke decimated the Earth, the Garrity family must now risk everything to embark on a perilous journey across the wasteland of Europe to find a new home.",The surviving Garrity family must leave the safety of the Greenland bunker and embark on a perilous journey across the decimated frozen wasteland of Europe to find a new home.,Ric Roman Waugh,"Gerard Butler, Morena Baccarin, Roman Griffin Davis, Tommie Earl Jenkins, Trond Fausa Aurvåg",6.486,555,125.4984,5.3,18909.0,49.0,PG-13,N/A,"$17,770,308",https://image.tmdb.org/t/p/w500/z2tqCJLsw6uEJ8nJV8BsQXGa3dr.jpg
1419406,tt34610311,The Shadow's Edge,2025-08-16,2025,142,"Action, Crime, Drama, Thriller","Action, Crime, Drama",Macau Police brings the tracking expert police officer out of retirement to help catch a dangerous group of professional thieves.,Macau Police brings the tracking expert police officer out of retirement to help catch a dangerous group of professional thieves.,Larry Yang,"Jackie Chan, Zhang Zifeng, Tony Leung Ka-fai, Ci Sha, Jun",7.214,475,111.5835,7.1,8806.0,,TV-MA,20 wins & 14 nominations total,N/A,https://image.tmdb.org/t/p/w500/e0RU6KpdnrqFxDKlI3NOqN8nHL6.jpg
83533,tt1757678,Avatar: Fire and Ash,2025-12-17,2025,198,"Science Fiction, Adventure, Fantasy","Animation, Action, Adventure","In the wake of the devastating war against the RDA and the loss of their eldest son, Jake Sully and Neytiri face a new threat on Pandora: the Ash People, a violent and power-hungry Na'vi tribe led by the ruthless Varang. Jake's family must fight for their survival and the future of Pandora in a conflict that pushes them to their emotional and physical limits.","Jake and Neytiri's family grapples with grief, encountering a new, aggressive Na'vi tribe, the Ash People, who are led by the fiery Varang, as the conflict on Pandora escalates and a new moral focus emerges.",James Cameron,"Sam Worthington, Zoe Saldaña, Sigourney Weaver, Stephen Lang, Oona Chaplin",7.3,1864,112.5888,7.4,134356.0,61.0,PG-13,Nominated for 2 Oscars. 28 wins & 64 nominations total,"$401,636,328",https://image.tmdb.org/t/p/w500/bRBeSHfGHwkEpImlhxPmOcUsaeg.jpg
1168190,tt33046197,The Wrecking Crew,2026-01-28,2026,124,"Action, Comedy, Crime, Mystery","Action, Comedy, Crime","Estranged half-brothers Jonny and James reunite after their father's mysterious death. As they search for the truth, buried secrets reveal a conspiracy threatening to tear their family apart.","Estranged half-brothers Jonny and James reunite after their father's mysterious death. As they search for the truth, buried secrets reveal a conspiracy threatening to tear their family apart.",Ángel Manuel Soto,"Dave Bautista, Jason Momoa, Temuera Morrison, Morena Baccarin, Roimata Fox",6.914,748,100.7101,6.4,38251.0,67.0,R,N/A,N/A,https://image.tmdb.org/t/p/w500/gbVwHl4YPSq6BcC92TQpe7qUTh6.jpg
1368166,tt27543632,The Housemaid,2025-12-18,2025,131,"Drama, Mystery, Thriller","Drama, Mystery, Thriller","Trying to escape her past, Millie Calloway accepts a job as a live-in housemaid for the wealthy Nina and Andrew Winchester. But what begins as a dream job quickly unravels into something far more dangerous—a sexy, seductive game of secrets, scandal, and power.","A struggling young woman is relieved by the chance for a fresh start as a maid for a wealthy couple. Soon, she discovers that the family's secrets are far more dangerous than her own.",Paul Feig,"Sydney Sweeney, Amanda Seyfried, Brandon Sklenar, Michele Morrone, Elizabeth Perkins",7.259,1414,94.761,6.8,104152.0,65.0,R,1 win & 9 nominations total,"$126,409,934",https://image.tmdb.org/t/p/w500/cWsBscZzwu5brg9YjNkGewRUvJX.jpg
1311031,tt32820897,Demon Slayer: Kimetsu no Yaiba Infinity Castle,2025-07-18,2025,156,"Animation, Action, Fantasy","Animation, Action, Adventure","The Demon Slayer Corps are drawn into the Infinity Castle, where Tanjiro, Nezuko, and the Hashira face terrifying Upper Rank demons in a desperate fight as the final battle against Muzan Kibutsuji begins.","The Demon Slayer Corps are drawn into the Infinity Castle, where Tanjiro and the Hashira face terrifying Upper Rank demons in a desperate fight as the final battle against Muzan Kibutsuji begins.",Haruo Sotozaki,"Natsuki Hanae, Takahiro Sakurai, Akira Ishida, Hiro Shimono, Yoshimasa Hosoya",7.658,752,95.1859,8.4,64082.0,67.0,R,2 wins & 7 nominations total,"$134,519,077",https://image.tmdb.org/t/p/w500/fWVSwgjpT2D78VUh6X8UBd2rorW.jpg
755898,tt13186306,War of the Worlds,2025-07-29,2025,91,"Science Fiction, Thriller","Horror, Sci-Fi, Thriller","Will Radford is a top analyst for Homeland Security who tracks potential threats through a mass surveillance program, until one day an attack by an unknown entity leads him to question whether the government is hiding something from him... and from the rest of the world.","A colossal invasion of Earth is coming in this off-kilter take on the legendary novel of the same name, filled with present-day themes of technology, government surveillance, and privacy.",Rich Lee,"Ice Cube, Eva Longoria, Clark Gregg, Iman Benson, Henry Hunter Hall",4.168,913,92.6795,2.5,31185.0,6.0,PG-13,N/A,N/A,https://image.tmdb.org/t/p/w500/yvirUYrva23IudARHn3mMGVxWqM.jpg
1266798,tt33255286,Dog 51,2025-10-15,2025,100,"Thriller, Science Fiction, Crime, Action","Crime, Sci-Fi, Thriller","In the near future, Paris is divided into three zones that separate social classes, and no one can escape ALMA, a predictive AI that has revolutionized law enforcement. When ALMA’s creator is assassinated, Salia, a top agent, and Zem, a jaded cop, are forced to work together to solve a murder that may expose the dark secrets of the system they serve.","In a future Paris divided by class, an AI named ALMA oversees society. When its creator is assassinated, a top agent and a jaded cop are forced to work together to solve a murder that may expose the dark secrets of the system they...",Cédric Jimenez,"Gilles Lellouche, Adèle Exarchopoulos, Louis Garrel, Romain Duris, Valeria Bruni Tedeschi",6.265,215,57.9878,5.8,1751.0,,N/A,3 nominations total,N/A,https://image.tmdb.org/t/p/w500/olMvhbCRuhTbf6EMKxKGHi2on3L.jpg
1242898,tt31227572,Predator: Badlands,2025-11-05,2025,107,"Action, Science Fiction, Adventure","Action, Adventure, Sci-Fi","Cast out from his clan, a young Predator finds an unlikely ally in a damaged android and embarks on a treacherous journey in search of the ultimate adversary.",A young Predator outcast from his clan finds an unlikely ally on his journey in search of the ultimate adversary.,Dan Trachtenberg,"Elle Fanning, Dimitrius Schuster-Koloamatangi, Ravi Narayan, Michael Homick, Stefan Grube",7.716,2272,77.3549,7.3,93907.0,71.0,PG-13,1 win & 22 nominations total,"$91,083,631",https://image.tmdb.org/t/p/w500/erTRAi241eYF4K8KoGGOI8kFPox.jpg
1272837,tt32141377,28 Years Later: The Bone Temple,2026-01-14,2026,109,"Horror, Thriller, Science Fiction","Horror, Sci-Fi, Thriller",Dr. Kelson finds himself in a shocking new relationship - with consequences that could change the world as they know it - and Spike's encounter with Jimmy Crystal becomes a nightmare he can't escape.,"As Spike is inducted into Jimmy Crystal's gang on the mainland, Dr. Kelson makes a discovery that could alter the world.",Nia DaCosta,"Ralph Fiennes, Jack O'Connell, Alfie Williams, Erin Kellyman, Chi Lewis-Parry",7.22,763,78.8461,7.6,44804.0,81.0,R,1 nomination total,"$25,127,239",https://image.tmdb.org/t/p/w500/kK1BGkG3KAvWB0WMV1DfOx9yTMZ.jpg
1316092,tt32897959,"""Wuthering Heights""",2026-02-11,2026,136,"Romance, Drama","Drama, Romance","Tragedy strikes when Heathcliff falls in love with Catherine Earnshaw, a woman from a wealthy family in 18th-century England.","A passionate and tumultuous love story set against the backdrop of the Yorkshire moors, exploring the intense and destructive relationship between Heathcliff and Catherine Earnshaw.",Emerald Fennell,"Margot Robbie, Jacob Elordi, Hong Chau, Alison Oliver, Shazad Latif",6.414,465,64.9748,,,,R,1 nomination total,N/A,https://image.tmdb.org/t/p/w500/ywRO5dyE8RyyXJd6cvd69jLZeic.jpg
1054867,tt30144839,One Battle After Another,2025-09-23,2025,162,"Thriller, Crime, Action","Action, Crime, Drama","Washed-up revolutionary Bob exists in a state of stoned paranoia, surviving off-grid with his spirited, self-reliant daughter, Willa. When his evil nemesis resurfaces after 16 years and she goes missing, the former radical scrambles to find her, father and daughter both battling the consequences of his past.","When their enemy resurfaces after 16 years, a group of ex-revolutionaries reunite to rescue the daughter of one of their own.",Paul Thomas Anderson,"Leonardo DiCaprio, Sean Penn, Chase Infiniti, Benicio del Toro, Regina Hall",7.407,2996,56.0876,7.7,329147.0,95.0,R,Nominated for 13 Oscars. 234 wins & 478 nominations total,"$72,172,051",https://image.tmdb.org/t/p/w500/lbBWwxBht4JFP5PsuJ5onpMqugW.jpg
24428,tt0848228,The Avengers,2012-04-25,2012,143,"Science Fiction, Action, Adventure","Action, Sci-Fi","When an unexpected enemy emerges and threatens global safety and security, Nick Fury, director of the international peacekeeping agency known as S.H.I.E.L.D., finds himself in need of a team to pull the world back from the brink of disaster. Spanning the globe, a daring recruitment effort begins!",Earth's mightiest heroes must come together and learn to fight as a team if they are going to stop the mischievous Loki and his alien army from enslaving humanity.,Joss Whedon,"Robert Downey Jr., Chris Evans, Mark Ruffalo, Chris Hemsworth, Scarlett Johansson",7.96,36306,49.5243,8.0,1547278.0,69.0,PG-13,Nominated for 1 Oscar. 40 wins & 81 nominations total,"$623,357,910",https://image.tmdb.org/t/p/w500/RYMX2wcKCBAr24UyPD7xwmjaTn.jpg
7451,tt0295701,xXx,2002-08-09,2002,124,"Action, Adventure, Thriller, Crime, Drama","Action, Adventure, Drama","Xander Cage is your standard adrenaline junkie with no fear and a lousy attitude. When the US Government ""recruits"" him to go on a mission, he's not exactly thrilled. His mission: to gather information on an organization that may just be planning the destruction of the world, led by the nihilistic Yorgi.","The US government recruits extreme sports athlete Xander Cage to infiltrate a Russian criminal ring, which is plotting the destruction of the world.",Rob Cohen,"Vin Diesel, Asia Argento, Marton Csokas, Samuel L. Jackson, Michael Roof",5.98,4811,50.9367,5.9,192071.0,48.0,PG-13,4 wins & 14 nominations total,"$142,109,382",https://image.tmdb.org/t/p/w500/xeEw3eLeSFmJgXZzmF2Efww0q3s.jpg
858024,tt14905854,Hamnet,2025-11-26,2025,126,"Drama, Romance, History","Biography, Drama, History","The powerful story of love and loss that inspired the creation of Shakespeare's timeless masterpiece, Hamlet.","After losing their son Hamnet to plague, Agnes and William Shakespeare grapple with grief in 16th-century England. A healer, Agnes must find strength to care for her surviving children while processing her devastating loss.",Chloé Zhao,"Jessie Buckley, Paul Mescal, Emily Watson, Joe Alwyn, Jacobi Jupe",7.731,880,51.2174,8.1,27462.0,84.0,PG-13,Nominated for 8 Oscars. 60 wins & 278 nominations total,"$20,215,030",https://image.tmdb.org/t/p/w500/vbeyOZm2bvBXcbgPD3v6o94epPX.jpg
1317288,tt32916440,Marty Supreme,2025-12-19,2025,150,Drama,"Drama, Sport","Marty Mauser, a young man with a dream no one respects, goes to hell and back in pursuit of greatness.","Marty Mauser, a young man with a dream no one respects, goes to hell and back in pursuit of greatness.",Josh Safdie,"Timothée Chalamet, Gwyneth Paltrow, Odessa A'zion, Kevin O'Leary, Tyler, The Creator",7.516,1163,56.7651,8.1,60529.0,89.0,R,Nominated for 9 Oscars. 30 wins & 254 nominations total,"$90,879,866",https://image.tmdb.org/t/p/w500/lYWEXbQgRTR4ZQleSXAgRbxAjvq.jpg
425274,tt4712810,Now You See Me: Now You Don't,2025-11-12,2025,113,"Thriller, Crime","Crime, Thriller","The original Four Horsemen reunite with a new generation of illusionists to take on powerful diamond heiress Veronika Vanderberg, who leads a criminal empire built on money laundering and trafficking. The new and old magicians must overcome their differences to work together on their most ambitious heist yet.",The Four Horsemen reunite and team up with a new generation of young illusionists to expose a diamond heiress's global money laundering scheme for criminals.,Ruben Fleischer,"Jesse Eisenberg, Dominic Sessa, Ariana Greenblatt, Justice Smith, Rosamund Pike",6.54,1175,55.5623,5.9,56015.0,50.0,PG-13,2 nominations total,"$61,882,396",https://image.tmdb.org/t/p/w500/oD3Eey4e4Z259XLm3eD3WGcoJAh.jpg
1306368,tt32642706,The Rip,2026-01-13,2026,113,"Action, Thriller, Crime","Action, Crime, Drama","Trust frays when a team of Miami cops discovers millions in cash inside a run-down stash house, calling everyone — and everything — into question.","A group of Miami cops discovers a stash of millions in cash, leading to distrust as outsiders learn about the huge seizure, making them question who to rely on.",Joe Carnahan,"Matt Damon, Ben Affleck, Steven Yeun, Teyana Taylor, Catalina Sandino Moreno",7.07,1324,59.0364,6.8,88473.0,63.0,R,N/A,N/A,https://image.tmdb.org/t/p/w500/4wsYWH73Hb1B6noGIFaRQSAkuXj.jpg
1234731,tt33244668,Anaconda,2025-12-24,2025,100,"Adventure, Comedy, Horror, Action","Action, Adventure, Comedy","A group of friends facing mid-life crises head to the rainforest with the intention of remaking their favorite movie from their youth, only to find themselves in a fight for their lives against natural disasters, giant snakes and violent criminals.",A group of friends are going through a mid-life crisis. They decide to remake a favorite movie from their youth but encounter unexpected events when they enter the jungle.,Tom Gormican,"Jack Black, Paul Rudd, Steve Zahn, Thandiwe Newton, Daniela Melchior",5.843,725,53.726,5.7,25299.0,43.0,PG-13,N/A,"$63,639,155",https://image.tmdb.org/t/p/w500/qxMv3HwAB3XPuwNLMhVRg795Ktp.jpg
157336,tt0816692,Interstellar,2014-11-05,2014,169,"Adventure, Drama, Science Fiction","Adventure, Drama, Sci-Fi",The adventures of a group of explorers who make use of a newly discovered wormhole to surpass the limitations on human space travel and conquer the vast distances involved in an interstellar voyage.,"When Earth becomes uninhabitable in the future, a farmer and ex-NASA pilot, Joseph Cooper, is tasked to pilot a spacecraft, along with a team of researchers, to find a new planet for humans.",Christopher Nolan,"Matthew McConaughey, Anne Hathaway, Michael Caine, Jessica Chastain, Casey Affleck",8.5,39056,48.1974,8.7,2472939.0,74.0,PG-13,Won 1 Oscar. 45 wins & 148 nominations total,"$203,227,580",https://image.tmdb.org/t/p/w500/gEU2QniE6E77NI6lCU6MxlNBvIx.jpg
803796,tt14205554,KPop Demon Hunters,2025-06-20,2025,96,"Fantasy, Music, Comedy, Animation","Animation, Action, Adventure","When K-pop superstars Rumi, Mira and Zoey aren't selling out stadiums, they're using their secret powers to protect their fans from supernatural threats.",A world-renowned K-Pop girl group balance their lives in the spotlight with their secret identities as demon hunters.,Maggie Kang,"Arden Cho, May Hong, Ji-young Yoo, Ahn Hyo-seop, Yunjin Kim",8.068,2468,48.765,7.5,120505.0,77.0,PG,Nominated for 2 Oscars. 48 wins & 64 nominations total,"$24,300,000",https://image.tmdb.org/t/p/w500/zT7Lhw3BhJbMkRqm9Zlx2YGMsY0.jpg
1233413,tt31193180,Sinners,2025-04-16,2025,138,"Horror, Action, Thriller","Action, Drama, Horror","Trying to leave their troubled lives behind, twin brothers return to their hometown to start again, only to discover that an even greater evil is waiting to welcome them back.","Trying to leave their troubled lives behind, twin brothers return to their hometown to start again, only to discover that an even greater evil is waiting to welcome them back.",Ryan Coogler,"Michael B. Jordan, Hailee Steinfeld, Miles Caton, Jack O'Connell, Wunmi Mosaku",7.488,3869,42.076,7.5,407737.0,84.0,R,Nominated for 16 Oscars. 256 wins & 488 nominations total,"$279,989,632",https://image.tmdb.org/t/p/w500/qTvFWCGeGXgBRaINLY1zqgTPSpn.jpg
798645,tt14107334,The Running Man,2025-11-11,2025,133,"Action, Thriller, Science Fiction","Action, Adventure, Sci-Fi","Desperate to save his sick daughter, working-class Ben Richards is convinced by The Running Man's charming but ruthless producer to enter the deadly competition game as a last resort. But Ben's defiance, instincts, and grit turn him into an unexpected fan favorite — and a threat to the entire system. As ratings skyrocket, so does the danger, and Ben must outwit not just the Hunters, but a nation addicted to watching him fall.","A man joins a game show in which contestants, allowed to flee anywhere in the world, are pursued by ""hunters"" hired to kill them.",Edgar Wright,"Glen Powell, William H. Macy, Lee Pace, Michael Cera, Emilia Jones",6.786,1235,44.0979,6.4,73266.0,56.0,R,8 nominations total,"$37,815,641",https://image.tmdb.org/t/p/w500/dKL78O9zxczVgjtNcQ9UkbYLzqX.jpg
4247,tt0175142,Scary Movie,2000-07-07,2000,88,Comedy,Comedy,"A familiar-looking group of teenagers find themselves being stalked by a more-than-vaguely recognizable masked killer! As the victims begin to pile up and the laughs pile on, none of your favorite scary movies escape the razor-sharp satire of this outrageously funny parody!","A year after disposing of the body of a man they accidentally killed, a group of dumb teenagers are stalked by a bumbling serial killer.",Keenen Ivory Wayans,"Anna Faris, Regina Hall, Marlon Wayans, Shawn Wayans, Jon Abrahams",6.383,7567,41.8587,6.3,319036.0,48.0,R,8 wins & 7 nominations total,"$157,019,771",https://image.tmdb.org/t/p/w500/fVQFPRuw3yWXojYDJvA5EoFjUOY.jpg
911430,tt16311594,F1,2025-06-25,2025,156,"Action, Drama","Action, Drama, Sport",Racing legend Sonny Hayes is coaxed out of retirement to lead a struggling Formula 1 team—and mentor a young hotshot driver—while chasing one more chance at glory.,A Formula One driver comes out of retirement to mentor and team up with a younger driver.,Joseph Kosinski,"Brad Pitt, Damson Idris, Javier Bardem, Kerry Condon, Tobias Menzies",7.765,3488,38.9408,7.6,319501.0,68.0,PG-13,Nominated for 4 Oscars. 18 wins & 123 nominations total,"$189,642,436",https://image.tmdb.org/t/p/w500/vqBmyAj0Xm9LnS1xe1MSlMAJyHq.jpg
991494,tt23572848,The SpongeBob Movie: Search for SquarePants,2025-12-16,2025,89,"Animation, Family, Comedy, Adventure, Fantasy","Animation, Adventure, Comedy","Desperate to be a big guy, SpongeBob sets out to prove his bravery to Mr. Krabs by following The Flying Dutchman – a mysterious swashbuckling ghost pirate – on a seafaring adventure that takes him to the deepest depths of the deep sea, where no Sponge has gone before.","Desperate to be a big guy, SpongeBob sets out to prove his bravery to Mr. Krabs by following the Flying Dutchman, a mysterious swashbuckling ghost pirate, to the deepest depths of the deep sea.",Derek Drymon,"Tom Kenny, Clancy Brown, Rodger Bumpass, Bill Fagerbakke, Carolyn Lawrence",6.758,219,36.0784,5.7,6073.0,65.0,PG,4 nominations total,"$70,484,958",https://image.tmdb.org/t/p/w500/xJnOMMsFASxNiFnG7v3TNIQ3ife.jpg
223702,tt1700841,Sausage Party,2016-07-11,2016,89,"Adventure, Animation, Comedy, Fantasy","Animation, Adventure, Comedy",Hot dog Frank leads a group of supermarket products on a quest to discover the truth about their existence and what really happens when they become chosen to leave the grocery store.,A sausage leads a group of supermarket products on a journey to discover the truth about their existence and what really happens when they are picked off the shelf.,Greg Tiernan,"Seth Rogen, Kristen Wiig, Jonah Hill, Bill Hader, Michael Cera",5.75,7641,30.3642,6.1,221851.0,66.0,R,1 win & 26 nominations total,"$97,685,686",https://image.tmdb.org/t/p/w500/vNgdPJQ5CI60oEiiHLKRNrsDhMy.jpg
1061474,tt5950044,Superman,2025-07-09,2025,130,"Science Fiction, Adventure, Action","Action, Adventure, Sci-Fi","Superman, a journalist in Metropolis, embarks on a journey to reconcile his Kryptonian heritage with his human upbringing as Clark Kent.","Superman must reconcile his alien Kryptonian heritage with his human upbringing as reporter Clark Kent. As the embodiment of truth, justice and the American way he soon finds himself in a world that views these as old-fashioned.",James Gunn,"David Corenswet, Rachel Brosnahan, Nicholas Hoult, Edi Gathegi, Nathan Fillion",7.353,4423,39.1215,7.0,393313.0,68.0,PG-13,4 wins & 73 nominations total,"$354,223,803",https://image.tmdb.org/t/p/w500/ldyfo0BKmz5rWtJJKCvwaNS4cJT.jpg
1198994,tt8036976,Send Help,2026-01-22,2026,113,"Horror, Thriller, Comedy","Adventure, Horror, Thriller","Two colleagues become stranded on a deserted island, the only survivors of a plane crash. On the island, they must overcome past grievances and work together to survive, but ultimately, it's a battle of wills and wits to make it out alive.","An employee and her insufferable boss become stranded on a deserted island, the only survivors of a plane crash. Here, they must overcome past grievances and work together to make it out alive.",Sam Raimi,"Rachel McAdams, Dylan O'Brien, Edyll Ismail, Dennis Haysbert, Xavier Samuel",7.1,350,40.0225,7.2,13269.0,76.0,R,N/A,"$23,043,091",https://image.tmdb.org/t/p/w500/kL4MgAIZIYX3sCeG34N0XfVhCtt.jpg
9276,tt0133751,The Faculty,1998-12-25,1998,104,"Horror, Science Fiction","Horror, Mystery, Sci-Fi","When some very creepy things start happening around school, the kids at Herrington High make the chilling discovery that confirms their worst suspicions: their teachers really are from another planet!","When Casey Connor, Herrington High School's newspaper photographer, witnesses the murder of a nurse and sees her alive again, he decides to investigate the bizarre happenings.",Robert Rodriguez,"Josh Hartnett, Elijah Wood, Jordana Brewster, Clea DuVall, Shawn Hatosy",6.564,2189,36.6087,6.6,146576.0,61.0,R,11 nominations total,"$40,283,321",https://image.tmdb.org/t/p/w500/5XetJwmAiDC0EtH23NIXaqFn3Wl.jpg
278,tt0111161,The Shawshank Redemption,1994-09-23,1994,142,"Drama, Crime",Drama,"Imprisoned in the 1940s for the double murder of his wife and her lover, upstanding banker Andy Dufresne begins a new life at the Shawshank prison, where he puts his accounting skills to work for an amoral warden. During his long stretch in prison, Dufresne comes to be admired by the other inmates -- including an older prisoner named Red -- for his integrity and unquenchable sense of hope.","A banker convicted of uxoricide forms a friendship over a quarter century with a hardened convict, while maintaining his innocence and trying to remain hopeful through simple compassion.",Frank Darabont,"Tim Robbins, Morgan Freeman, Bob Gunton, William Sadler, Clancy Brown",8.716,29874,36.3764,9.3,3164324.0,82.0,R,Nominated for 7 Oscars. 21 wins & 42 nominations total,"$28,767,189",https://image.tmdb.org/t/p/w500/9cqNxx0GxF0bflZmeSMuL5tnGzr.jpg
1234821,tt31036941,Jurassic World Rebirth,2025-07-01,2025,134,"Science Fiction, Adventure, Action","Action, Adventure, Sci-Fi","Five years after the events of Jurassic World Dominion, covert operations expert Zora Bennett is contracted to lead a skilled team on a top-secret mission to secure genetic material from the world's three most massive dinosaurs. When Zora's operation intersects with a civilian family whose boating expedition was capsized, they all find themselves stranded on an island where they come face-to-face with a sinister, shocking discovery that's been hidden from the world for decades.","Five years post-Jurassic World: Dominion (2022), an expedition braves isolated equatorial regions to extract DNA from three massive prehistoric creatures for a groundbreaking medical breakthrough.",Gareth Edwards,"Scarlett Johansson, Mahershala Ali, Jonathan Bailey, Rupert Friend, Manuel Garcia-Rulfo",6.307,3071,39.2236,5.8,185404.0,50.0,PG-13,Nominated for 1 Oscar. 3 wins & 14 nominations total,"$339,640,400",https://image.tmdb.org/t/p/w500/1RICxzeoNCAO5NpcRMIgg1XT6fm.jpg
1062722,tt1312221,Frankenstein,2025-10-17,2025,150,"Drama, Fantasy, Horror","Drama, Fantasy, Horror","Dr. Victor Frankenstein, a brilliant but egotistical scientist, brings a creature to life in a monstrous experiment that ultimately leads to the undoing of both the creator and his tragic creation.","Dr. Victor Frankenstein, a brilliant but egotistical scientist, brings a creature to life in a monstrous experiment that ultimately leads to the undoing of both the creator and his tragic creation.",Guillermo del Toro,"Oscar Isaac, Jacob Elordi, Christoph Waltz, Mia Goth, Felix Kammerer",7.664,3061,37.8848,7.5,257226.0,78.0,R,Nominated for 9 Oscars. 50 wins & 253 nominations total,N/A,https://image.tmdb.org/t/p/w500/g4JtvGlQO7DByTI6frUobqvSL3R.jpg
1010581,tt21909764,My Fault,2023-06-08,2023,116,"Drama, Romance, Thriller","Drama, Romance","Noah must leave her city, boyfriend, and friends to move into William Leister's mansion, the flashy and wealthy husband of her mother Rafaela. As a proud and independent 17 year old, Noah resists living in a mansion surrounded by luxury. However, it is there where she meets Nick, her new stepbrother, and the clash of their strong personalities becomes evident from the very beginning.","Noah has to leave her town, boyfriend and friends behind and move into the mansion of her mother's new rich husband. There she meets Nick, her new stepbrother. They fall madly in love in secret.",Domingo González,"Nicole Wallace, Gabriel Guevara, Marta Hazas, Iván Sánchez, Eva Ruiz",7.755,4011,37.3022,6.1,43031.0,,Not Rated,1 nomination total,N/A,https://image.tmdb.org/t/p/w500/w46Vw536HwNnEzOa7J24YH9DPRS.jpg
4232,tt0117571,Scream,1996-12-20,1996,112,"Crime, Horror, Mystery","Horror, Mystery","A year after the murder of her mother, a teenage girl is terrorized by a masked killer who targets her and her friends by using scary movies as part of a deadly game.","In the small town of Woodsboro, California, a masked killer known as Ghostface begins murdering high school students, and a group of friends must use their knowledge of horror movies to unmask the killer.",Wes Craven,"David Arquette, Neve Campbell, Courteney Cox, Matthew Lillard, Rose McGowan",7.4,7749,31.8171,7.4,438930.0,66.0,R,12 wins & 11 nominations total,"$103,046,663",https://image.tmdb.org/t/p/w500/lr9ZIrmuwVmZhpZuTCW8D9g0ZJe.jpg
155,tt0468569,The Dark Knight,2008-07-16,2008,152,"Action, Crime, Thriller","Action, Crime, Drama","Batman raises the stakes in his war on crime. With the help of Lt. Jim Gordon and District Attorney Harvey Dent, Batman sets out to dismantle the remaining criminal organizations that plague the streets. The partnership proves to be effective, but they soon find themselves prey to a reign of chaos unleashed by a rising criminal mastermind known to the terrified citizens of Gotham as the Joker.","When a menace known as the Joker wreaks havoc and chaos on the people of Gotham, Batman, James Gordon and Harvey Dent must work together to put an end to the madness.",Christopher Nolan,"Christian Bale, Heath Ledger, Aaron Eckhart, Michael Caine, Maggie Gyllenhaal",8.5,35291,31.4546,9.1,3135889.0,85.0,PG-13,Won 2 Oscars. 163 wins & 165 nominations total,"$534,987,076",https://image.tmdb.org/t/p/w500/qJ2tW6WMUDux911r6m7haRef0WH.jpg
967941,tt19847976,Wicked: For Good,2025-11-19,2025,137,"Fantasy, Adventure, Romance","Drama, Family, Fantasy","As an angry mob rises against the Wicked Witch, Glinda and Elphaba will need to come together one final time. With their singular friendship now the fulcrum of their futures, they will need to truly see each other, with honesty and empathy, if they are to change themselves, and all of Oz, for good.","Elphaba, the future Wicked Witch of the West and her relationship with Glinda, the Good Witch of the North. The second of a two-part feature film adaptation of the Broadway musical.",Jon M. Chu,"Cynthia Erivo, Ariana Grande, Jeff Goldblum, Michelle Yeoh, Jonathan Bailey",6.648,853,30.7636,6.7,58369.0,58.0,PG,Nominated for 2 BAFTA 20 wins & 137 nominations total,"$342,915,090",https://image.tmdb.org/t/p/w500/si9tolnefLSUKaqQEGz1bWArOaL.jpg
1223601,tt31844586,Sisu: Road to Revenge,2025-10-21,2025,89,"Action, War","Action, War","Returning to the house where his family was brutally murdered during the war, ""the man who refuses to die"" dismantles it, loads it on a truck, and is determined to rebuild it somewhere safe in their honor. When the commander who killed his family comes back hellbent on finishing the job, a relentless, eye-popping cross-country chase ensues.","A man returns to dismantle his family's house, where they were murdered in war, to rebuild it elsewhere. When the killer, a Red Army commander, tracks him down, a brutal cross-country pursuit begins.",Jalmari Helander,"Jorma Tommila, Stephen Lang, Richard Brake, Tommi Korpela, Kaspar Velberg",7.338,587,33.0166,6.8,25076.0,76.0,R,1 nomination total,"$4,544,481",https://image.tmdb.org/t/p/w500/jNsttCWZyPtW66MjhUozBzVsRb7.jpg
19995,tt0499549,Avatar,2009-12-16,2009,162,"Action, Adventure, Science Fiction","Action, Adventure, Fantasy","In the 22nd century, a paraplegic Marine is dispatched to the moon Pandora on a unique mission, but becomes torn between following orders and protecting an alien civilization.",A paraplegic Marine dispatched to the moon Pandora on a unique mission becomes torn between following his orders and protecting the world he feels is his home.,James Cameron,"Sam Worthington, Zoe Saldaña, Sigourney Weaver, Stephen Lang, Michelle Rodriguez",7.6,33569,33.2099,7.9,1486308.0,83.0,PG-13,Won 3 Oscars. 91 wins & 131 nominations total,"$785,221,649",https://image.tmdb.org/t/p/w500/gKY6q7SjCkAU6FqvqWybDYgUKIF.jpg
238,tt0068646,The Godfather,1972-03-14,1972,175,"Drama, Crime","Crime, Drama","Spanning the years 1945 to 1955, a chronicle of the fictional Italian-American Corleone crime family. When organized crime family patriarch, Vito Corleone barely survives an attempt on his life, his youngest son, Michael steps in to take care of the would-be killers, launching a campaign of bloody revenge.",The aging patriarch of an organized crime dynasty transfers control of his clandestine empire to his reluctant son.,Francis Ford Coppola,"Marlon Brando, Al Pacino, James Caan, Robert Duvall, Richard S. Castellano",8.687,22553,32.2628,9.2,2205717.0,100.0,R,Won 3 Oscars. 31 wins & 31 nominations total,"$136,381,073",https://image.tmdb.org/t/p/w500/3bhkrj58Vtu7enYsRolD1fZdja1.jpg
27205,tt1375666,Inception,2010-07-15,2010,148,"Action, Science Fiction, Adventure","Action, Adventure, Sci-Fi","Cobb, a skilled thief who commits corporate espionage by infiltrating the subconscious of his targets is offered a chance to regain his old life as payment for a task considered to be impossible: ""inception"", the implantation of another person's idea into a target's subconscious.","A thief who steals corporate secrets through the use of dream-sharing technology is given the inverse task of planting an idea into the mind of a CEO, but his tragic past may doom the project and his team to disaster.",Christopher Nolan,"Leonardo DiCaprio, Joseph Gordon-Levitt, Ken Watanabe, Tom Hardy, Elliot Page",8.371,38800,33.164,8.8,2793322.0,74.0,PG-13,Won 4 Oscars. 160 wins & 220 nominations total,"$292,587,330",https://image.tmdb.org/t/p/w500/xlaY2zyzMfkhk0HSC5VUwzoZPU1.jpg
1246049,tt31434030,Dracula,2025-07-30,2025,130,"Horror, Fantasy, Romance","Fantasy, Horror, Romance","In late 15th-century Eastern Europe, Prince Vlad II’s bride is brutally murdered. As a result, he renounces God and damns Heaven itself. Cursed with eternal life, Vlad is reborn as Dracula, an immortal warlord who defies fate in a blood-soaked crusade to wrench his lost love back from death.","When a 15th-century prince denounces God after the loss of his wife he inherits an eternal curse: he becomes Dracula. Condemned to wander the centuries, he defies fate and death, guided by a single hope - to be reunited with his l...",Luc Besson,"Caleb Landry Jones, Zoë Bleu Sidel, Christoph Waltz, Matilda De Angelis, Ewens Abid",7.112,917,32.9531,6.2,28252.0,44.0,R,4 nominations total,"$11,450,329",https://image.tmdb.org/t/p/w500/libhghrUSBSEdHgF9uP1SQES0nQ.jpg
10425,tt0473188,The Death and Life of Bobby Z,2007-07-23,2007,97,"Drama, Action, Thriller, Crime","Action, Crime, Thriller","A DEA agent provides former Marine Tim Kearney with a way out of his prison sentence: impersonate Bobby Z, a recently deceased drug dealer, in a hostage switch with a crime lord. When the negotiations go awry, Kearney flees, with Z's son in tow.","A DEA agent provides former Marine Tim Kearney with a way out of his prison sentence: impersonate Bobby Z, a recently deceased drug dealer, in a hostage switch with a crime lord.",John Herzfeld,"Paul Walker, Laurence Fishburne, Olivia Wilde, Jason Lewis, Michael Bowen",6.152,397,29.6778,5.8,15966.0,,R,N/A,N/A,https://image.tmdb.org/t/p/w500/sgIthxRLUBTbaetVXvXwQEmbfn2.jpg
1315303,tt33028778,Primate,2026-01-01,2026,89,"Horror, Thriller",Horror,"Lucy, a college student, along with her friends, spend their vacation at her family's home in Hawaii, which includes her pet chimpanzee, Ben. However, when Ben contracts rabies after being bitten by a rabid animal, the group must fight for their lives in order to avoid the now-violent chimp.","A group of friends' tropical vacation turns into a terrifying, primal tale of horror and survival.",Johannes Roberts,"Johnny Sequoyah, Jessica Alexander, Troy Kotsur, Victoria Wyant, Gia Hunter",6.564,442,31.8109,5.9,16922.0,58.0,R,N/A,"$25,635,665",https://image.tmdb.org/t/p/w500/z97hrgI5wbGbZvSVkBfAeBnFKAg.jpg
934433,tt17663992,Scream VI,2023-03-08,2023,123,"Horror, Thriller, Crime","Horror, Mystery, Thriller","Following the latest Ghostface killings, the four survivors leave Woodsboro behind and start a fresh chapter.","After surviving the latest Woodsboro murders, a group of teens move to New York City, hoping for a fresh start, only to find a new killer picking up where the last Ghostface killer left off.",Matt Bettinelli-Olpin,"Melissa Barrera, Jenna Ortega, Jasmin Savoy Brown, Mason Gooding, Jack Champion",6.963,3076,29.7948,6.4,147729.0,61.0,R,4 wins & 27 nominations total,"$108,391,107",https://image.tmdb.org/t/p/w500/wDWwtvkRRlgTiUr6TyLSMX8FCuZ.jpg
628847,tt10799690,Trap House,2025-11-14,2025,101,"Action, Crime, Thriller","Action, Crime","An undercover DEA agent and his partner embark on a game of cat and mouse with an audacious, and surprising group of thieves – their own rebellious teenagers, who have begun robbing from a dangerous cartel, using their parents' tactics and top-secret intel to do it.","A DEA agent and his partner pursue thieves: their own rebellious teens, who began robbing the cartel using their parents' tactics and classified intel.",Michael Dowse,"Dave Bautista, Jack Champion, Sophia Lillis, Whitney Peak, Bobby Cannavale",6.513,228,32.3351,5.4,4500.0,,R,N/A,N/A,https://image.tmdb.org/t/p/w500/6tpAPeuuqbVnYWWPoOLEDLSBU7a.jpg
597,tt0120338,Titanic,1997-12-18,1997,194,"Drama, Romance","Drama, Romance","101-year-old Rose DeWitt Bukater tells the story of her life aboard the Titanic, 84 years later. A young Rose boards the ship with her mother and fiancé. Meanwhile, Jack Dawson and Fabrizio De Rossi win third-class tickets aboard the ship. Rose tells the whole story from Titanic's departure through to its death—on its first and last voyage—on April 15, 1912.","A seventeen-year-old aristocrat falls in love with a kind but poor artist aboard the luxurious, ill-fated R.M.S. Titanic.",James Cameron,"Leonardo DiCaprio, Kate Winslet, Billy Zane, Kathy Bates, Frances Fisher",7.903,26860,28.1748,8.0,1383106.0,75.0,PG-13,Won 11 Oscars. 126 wins & 84 nominations total,"$674,354,882",https://image.tmdb.org/t/p/w500/9xjZS2rlVxm8SFx8kPC3aIGCOYQ.jpg
12159,tt0120889,What Dreams May Come,1998-10-02,1998,113,"Drama, Fantasy, Romance","Drama, Fantasy, Romance","Chris Nielsen dies to find himself in a heaven more amazing than he could have ever dreamed of. There is one thing missing: his wife. After he dies, his wife Annie killed herself and went to hell. Chris decides to risk eternity in Hades for the small chance that he will be able to bring her back to heaven.","Chris Nielsen dies in an accident, and enters Heaven. But when he discovers that his beloved wife Annie has killed herself out of grief over the loss, he embarks on an afterlife adventure to reunite with her.",Vincent Ward,"Robin Williams, Cuba Gooding Jr., Annabella Sciorra, Josh Paddock, Jessica Brooks Grant",7.195,2442,30.7686,7.0,117520.0,44.0,PG-13,Won 1 Oscar. 7 wins & 2 nominations total,"$55,382,927",https://image.tmdb.org/t/p/w500/78wCdphUzeb528wLZw2W0fn7yGB.jpg
324857,tt4633694,Spider-Man: Into the Spider-Verse,2018-12-06,2018,117,"Animation, Action, Adventure, Science Fiction","Animation, Action, Adventure","Struggling to find his place in the world while juggling school and family, Brooklyn teenager Miles Morales is unexpectedly bitten by a radioactive spider and develops unfathomable powers just like the one and only Spider-Man. While wrestling with the implications of his new abilities, Miles discovers a super collider created by the madman Wilson ""Kingpin"" Fisk, causing others from across the Spider-Verse to be inadvertently transported to his dimension.",Teen Miles Morales becomes the Spider-Man of his universe and must join with five spider-powered individuals from other dimensions to stop a threat for all realities.,Bob Persichetti,"Shameik Moore, Jake Johnson, Hailee Steinfeld, Mahershala Ali, Brian Tyree Henry",8.394,16934,24.2718,8.4,777014.0,87.0,PG,Won 1 Oscar. 85 wins & 60 nominations total,"$190,241,310",https://image.tmdb.org/t/p/w500/iiZZdoQBEYBv6id8su7ImL0oCbD.jpg
1180831,tt29232158,Troll 2,2025-11-30,2025,102,"Action, Fantasy, Thriller","Action, Adventure, Drama","When a dangerous new troll unleashes devastation across their homeland, Nora, Andreas and Major Kris embark on their most perilous mission yet.","Nora, Andreas and Captain Kris leap back into action when a dangerous new troll awakes - and this time they'll need more help to take it down.",Roar Uthaug,"Ine Marie Wilmann, Kim S. Falck-Jørgensen, Mads Sjøgård Pettersen, Sara Khorami, Karoline Viktoria Sletteng Garvang",6.517,422,33.5148,,,,TV-14,N/A,N/A,https://image.tmdb.org/t/p/w500/p6xAExLNFbHcLfvSuvLPoM8aqZU.jpg
11011,tt0110989,Ri¢hie Ri¢h,1994-12-19,1994,94,"Comedy, Family","Comedy, Family","Billionaire heir Richie Rich has it all, including Reggie Jackson as a batting coach and Claudia Schiffer as a personal trainer -- but no playmates. What's more, scoundrel Laurence Van Dough is scheming to take over the family empire. Uh-oh! Enter faithful butler Cadbury to save the day.","Richie Rich is the richest kid in the world. The one thing Richie doesn't have is friends. When his parents suddenly go missing, Richie hooks up with a group of kids who just might fill the void in his life, while helping save his...",Donald Petrie,"Macaulay Culkin, John Larroquette, Edward Herrmann, Christine Ebersole, Jonathan Hyde",5.942,2387,29.3835,5.5,78708.0,49.0,PG,3 nominations total,"$38,087,756",https://image.tmdb.org/t/p/w500/qgGh5d0IHAZRlHIdFS3XWVygumR.jpg
646385,tt11245972,Scream,2022-01-12,2022,114,"Horror, Mystery","Horror, Mystery, Thriller","Twenty-five years after a streak of brutal murders shocked the quiet town of Woodsboro, a new killer has donned the Ghostface mask and begins targeting a group of teenagers to resurrect secrets from the town’s deadly past.","25 years after the original Woodsboro killings, a new Ghostface begins targeting teens connected to the town's dark past, drawing the final 3 survivors of the first attack back once more.",Tyler Gillett,"Melissa Barrera, Jenna Ortega, Mason Gooding, Jasmin Savoy Brown, Jack Quaid",6.689,3757,29.1702,6.3,184069.0,60.0,R,5 wins & 20 nominations total,"$81,641,405",https://image.tmdb.org/t/p/w500/1m3W6cpgwuIyjtg5nSnPx7yFkXW.jpg
533535,tt6263850,Deadpool & Wolverine,2024-07-24,2024,128,"Action, Comedy, Science Fiction","Action, Adventure, Comedy","A listless Wade Wilson toils away in civilian life with his days as the morally flexible mercenary, Deadpool, behind him. But when his homeworld faces an existential threat, Wade must reluctantly suit-up again with an even more reluctant Wolverine.","Deadpool is offered a place in the Marvel Cinematic Universe by the Time Variance Authority, but instead recruits a variant of Wolverine to save his universe from extinction.",Shawn Levy,"Ryan Reynolds, Hugh Jackman, Emma Corrin, Matthew Macfadyen, Dafne Keen",7.556,8336,30.5911,7.5,556424.0,56.0,R,31 wins & 71 nominations total,"$636,745,858",https://image.tmdb.org/t/p/w500/8cdWjvZQUExUUTzyp4t6EDMubfO.jpg
462650,tt7042082,Puss in Book: Trapped in an Epic Tale,2017-06-16,2017,23,"Family, Fantasy, Animation, Comedy, Adventure","Animation, Short, Action","After tumbling into a magic storybook, Puss in Boots must fight, dance and romance his way through wild adventures as he searches for an escape.","While out fighting off ninja pirates, Puss stumbles on a fairy tale book. When he opens it, the adventure begins, as the viewer must choose each outcome, eventually freeing Puss from the book.",Roy Burdine,"Eric Bauza, Jayma Mays, Maria Bamford, Jeff Bennett, Ron Funches",6.6,247,28.6393,5.2,842.0,,TV-Y7,2 nominations total,N/A,https://image.tmdb.org/t/p/w500/vgLbNi7LBoXLikf6B5XrcT1yl79.jpg
1218925,tt30472557,Chainsaw Man - The Movie: Reze Arc,2025-09-19,2025,99,"Animation, Action, Romance, Fantasy","Animation, Action, Adventure","In a brutal war between devils, hunters, and secret enemies, a mysterious girl named Reze has stepped into Denji's world, and he faces his deadliest battle yet, fueled by love in a world where survival knows no rules.","Denji encounters a new romantic interest, Reze, who works at a coffee café.",Tatsuya Yoshihara,"Kikunosuke Toya, Reina Ueda, Tomori Kusunoki, Shogo Sakata, Maaya Uchida",8.336,743,32.0848,8.4,35800.0,71.0,R,N/A,"$43,438,461",https://image.tmdb.org/t/p/w500/pHyxb2RV5wLlboAwm9ZJ9qTVEDw.jpg
22494,tt0910554,Frequently Asked Questions About Time Travel,2009-04-24,2009,83,"Comedy, Drama, Romance, Science Fiction","Comedy, Sci-Fi",Follows three social outcasts -- two geeks and a cynic -- as they attempt to navigate a time-travel conundrum in the middle of a British pub.,"While drinking at their local pub, three social outcasts attempt to navigate a time-travel conundrum.",Gareth Carrivick,"Chris O'Dowd, Dean Lennox Kelly, Marc Wootton, Anna Faris, Meredith MacNeill",6.864,659,28.8793,6.9,38408.0,,PG-13,N/A,N/A,https://image.tmdb.org/t/p/w500/r67KzlHkdiwe3fBWzImEkNOg1Y.jpg
269149,tt2948356,Zootopia,2016-02-11,2016,109,"Animation, Adventure, Family, Comedy","Animation, Action, Adventure","Determined to prove herself, Officer Judy Hopps, the first bunny on Zootopia's police force, jumps at the chance to crack her first case - even if it means partnering with scam-artist fox Nick Wilde to solve the mystery.","In a city of anthropomorphic animals, a rookie bunny cop and a cynical con artist fox must work together to uncover a conspiracy.",Byron Howard,"Ginnifer Goodwin, Jason Bateman, Idris Elba, Jenny Slate, Nate Torrence",7.759,17764,30.0633,8.0,625023.0,78.0,PG,Won 1 Oscar. 49 wins & 75 nominations total,"$341,268,248",https://image.tmdb.org/t/p/w500/hlK0e0wAQ3VLuJcsfIYPvb4JVud.jpg
808,tt0126029,Shrek,2001-05-18,2001,90,"Animation, Comedy, Fantasy, Adventure, Family","Animation, Adventure, Comedy","It ain't easy bein' green -- especially if you're a likable (albeit smelly) ogre named Shrek. On a mission to retrieve a gorgeous princess from the clutches of a fire-breathing dragon, Shrek teams up with an unlikely compatriot -- a wisecracking donkey.","A mean lord exiles fairytale creatures to the swamp of a grumpy ogre, who must go on a quest and rescue a princess for the lord in order to get his land back.",Andrew Adamson,"Mike Myers, Eddie Murphy, Cameron Diaz, John Lithgow, Vincent Cassel",7.757,18466,27.5709,7.9,803764.0,84.0,PG,Won 1 Oscar. 40 wins & 60 nominations total,"$268,698,241",https://image.tmdb.org/t/p/w500/iB64vpL3dIObOtMZgX3RqdVdQDc.jpg
346698,tt1517268,Barbie,2023-07-19,2023,114,"Comedy, Adventure","Adventure, Comedy, Fantasy","Barbie and Ken are having the time of their lives in the colorful and seemingly perfect world of Barbie Land. However, when they get a chance to go to the real world, they soon discover the joys and perils of living among humans.","Barbie and Ken are having the time of their lives in the seemingly perfect world of Barbie Land. However, when they get a chance to go to the outside world, they soon discover the joys and perils of living among regular humans.",Greta Gerwig,"Margot Robbie, Ryan Gosling, America Ferrera, Ariana Greenblatt, Issa Rae",6.9,10831,26.9515,6.8,660843.0,80.0,PG-13,Won 1 Oscar. 213 wins & 436 nominations total,"$636,238,421",https://image.tmdb.org/t/p/w500/iuFNMS8U5cb6xfzi51Dbkovj7vM.jpg
1034716,tt22740896,People We Meet on Vacation,2026-01-06,2026,116,"Romance, Comedy, Drama",Romance,"Poppy's a free spirit. Alex loves a plan. After years of summer vacations, these polar-opposite pals wonder if they could be a perfect romantic match.","Poppy wants to explore the world and Alex prefers to stay home with a good book, but somehow they are the very best of friends. They live far apart, but for a decade they have spent one week of summer vacation together.",Brett Haley,"Emily Bader, Tom Blyth, Sarah Catherine Hook, Jameela Jamil, Miles Heizer",7.034,488,29.8729,,,,PG-13,N/A,N/A,https://image.tmdb.org/t/p/w500/kOrJqRyt1pklNgDwJMjzN1GuNXS.jpg
13,tt0109830,Forrest Gump,1994-06-23,1994,142,"Comedy, Drama, Romance","Drama, Romance","A man with a low IQ has accomplished great things in his life and been present during significant historic events—in each case, far exceeding what anyone imagined he could do. But despite all he has achieved, his one true love eludes him.","The history of the United States from the 1950s to the '70s unfolds from the perspective of an Alabama man with an IQ of 75, who yearns to be reunited with his childhood sweetheart.",Robert Zemeckis,"Tom Hanks, Robin Wright, Gary Sinise, Sally Field, Mykelti Williamson",8.462,29339,26.0711,8.8,2477413.0,82.0,PG-13,Won 6 Oscars. 51 wins & 74 nominations total,"$330,455,270",https://image.tmdb.org/t/p/w500/saHP97rTPS5eLmrLQEcANmKrsFl.jpg
862,tt0114709,Toy Story,1995-11-22,1995,81,"Family, Comedy, Animation, Adventure","Animation, Adventure, Comedy","Led by Woody, Andy's toys live happily in his room until Andy's birthday brings Buzz Lightyear onto the scene. Afraid of losing his place in Andy's heart, Woody plots against Buzz. But when circumstances separate Buzz and Woody from their owner, the duo eventually learns to put aside their differences.","A cowboy doll is profoundly jealous when a new spaceman action figure supplants him as the top toy in a boy's bedroom. When circumstances separate them from their owner, the duo have to put aside their differences to return to him.",John Lasseter,"Tom Hanks, Tim Allen, Don Rickles, Jim Varney, Wallace Shawn",7.971,19616,28.0227,8.3,1163069.0,96.0,G,Nominated for 3 Oscars. 29 wins & 24 nominations total,"$229,947,062",https://image.tmdb.org/t/p/w500/uXDfjJbdP4ijW5hWSBrPrlKpxab.jpg
533533,tt6604188,TRON: Ares,2025-10-08,2025,119,"Science Fiction, Adventure, Action","Action, Adventure, Sci-Fi","A highly sophisticated Program called Ares is sent from the digital world into the real world on a dangerous mission, marking humankind's first encounter with A.I. beings.","A highly sophisticated program, Ares, is sent from the digital world into the real world on a dangerous mission.",Joachim Rønning,"Jared Leto, Greta Lee, Evan Peters, Gillian Anderson, Jodie Turner-Smith",6.476,1241,29.8289,6.2,67959.0,48.0,PG-13,19 nominations total,"$73,161,014",https://image.tmdb.org/t/p/w500/chpWmskl3aKm1aTZqUHRCtviwPy.jpg
591,tt0382625,The Da Vinci Code,2006-05-17,2006,149,"Thriller, Mystery","Mystery, Thriller","A murder in Paris’ Louvre Museum and cryptic clues in some of Leonardo da Vinci’s most famous paintings lead to the discovery of a religious mystery. For 2,000 years a secret society closely guards information that — should it come to light — could rock the very foundations of Christianity.",A murder and clues in paintings lead to the discovery of a closely guarded religious mystery.,Ron Howard,"Tom Hanks, Audrey Tautou, Ian McKellen, Jean Reno, Paul Bettany",6.726,9927,28.8071,6.6,480857.0,46.0,PG-13,8 wins & 21 nominations total,"$217,536,138",https://image.tmdb.org/t/p/w500/9ejKfNk0LBhSI9AahH4f9NJNZNM.jpg
1228246,tt30274401,Five Nights at Freddy's 2,2025-12-03,2025,104,"Horror, Thriller","Horror, Mystery, Thriller","One year since the supernatural nightmare at Freddy Fazbear's Pizza, the stories about what transpired there have been twisted into a campy local legend, inspiring the town's first ever Fazfest. With the truth kept from her, Abby sneaks out to reconnect with Freddy, Bonnie, Chica, and Foxy, setting into motion a terrifying series of events that will reveal dark secrets about the real origin of Freddy's, and unleash a decades-hidden horror.","One year after the supernatural nightmare at Freddy Fazbear's Pizza, Abby runs away to reconnect with her animatronic friends, uncovering dark secrets about the true origins of Freddy's and unleashing a horror hidden for decades.",Emma Tammi,"Josh Hutcherson, Piper Rubio, Elizabeth Lail, Matthew Lillard, Freddy Carter",6.693,792,27.2105,5.1,33947.0,26.0,PG-13,1 nomination total,"$127,730,290",https://image.tmdb.org/t/p/w500/udAxQEORq2I5wxI97N2TEqdhzBE.jpg
552524,tt11655566,Lilo & Stitch,2025-05-17,2025,108,"Family, Science Fiction, Comedy","Action, Adventure, Comedy",The wildly funny and touching story of a lonely Hawaiian girl and the fugitive alien who helps to mend her broken family.,"A lonely Hawaiian girl befriends a runaway alien, helping to mend her fragmented family.",Dean Fleischer Camp,"Maia Kealoha, Sydney Agudong, Chris Sanders, Zach Galifianakis, Billy Magnussen",7.207,2052,28.1666,6.7,91440.0,53.0,PG,Nominated for 1 BAFTA Award8 nominations total,"$423,778,855",https://image.tmdb.org/t/p/w500/ckQzKpQJO4ZQDCN5evdpKcfm7Ys.jpg
39104,tt0142241,Dragon Ball Z: Super Android 13!,1992-07-11,1992,46,"Action, Animation, Science Fiction","Animation, Action, Sci-Fi","Dr. Gero's Androids #13, #14, and #15 are awakened by the laboratory computers and immediately head to the mall where Goku is shopping. After Goku, Trunks, and Vegeta defeat #14 and #15, #13 absorbs their inner computers and becomes a super being greater than the original three separately were. Now it is up to Goku to stop him.","The death of Dr. Gero at the hands of Androids 17 and 18 prompts the activation of Androids 13, 14, and 15. They try to kill Goku, who fights them with the help of Trunks, Piccolo, Vegeta, Krillin, and Gohan.",Daisuke Nishio,"Masako Nozawa, Ryo Horikawa, Takeshi Kusao, Toshio Furukawa, Mayumi Tanaka",6.924,601,24.9732,6.9,8876.0,,TV-PG,N/A,N/A,https://image.tmdb.org/t/p/w500/pIwjWaEuCcT3QVBd9Ng9wG3kbpU.jpg
1197306,tt9150192,A Working Man,2025-03-26,2025,116,"Action, Crime, Thriller","Action, Thriller","Levon Cade left behind a decorated military career in the black ops to live a simple life working construction. But when his boss's daughter, who is like family to him, is taken by human traffickers, his search to bring her home uncovers a world of corruption far greater than he ever could have imagined.","Levon Cade left his profession behind to work construction and be a good dad to his daughter. But when a local girl vanishes, he's asked to return to the skills that made him a mythic figure in the shadowy world of counter-terrorism.",David Ayer,"Jason Statham, Jason Flemyng, Merab Ninidze, Maximilian Osinski, Cokey Falkow",6.687,1799,24.4988,5.7,74288.0,52.0,R,1 win total,"$37,000,711",https://image.tmdb.org/t/p/w500/6FRFIogh3zFnVWn7Z6zcYnIbRcX.jpg
438631,tt1160419,Dune,2021-09-15,2021,155,"Science Fiction, Adventure","Action, Adventure, Drama","Paul Atreides, a brilliant and gifted young man born into a great destiny beyond his understanding, must travel to the most dangerous planet in the universe to ensure the future of his family and his people. As malevolent forces explode into conflict over the planet's exclusive supply of the most precious resource in existence-a commodity capable of unlocking humanity's greatest potential-only those who can conquer their fear will survive.","Paul Atreides arrives on Arrakis after his father accepts the stewardship of the dangerous planet. However, chaos ensues after a betrayal as forces clash to control melange, a precious resource.",Denis Villeneuve,"Timothée Chalamet, Rebecca Ferguson, Oscar Isaac, Jason Momoa, Stellan Skarsgård",7.778,14523,26.8469,8.0,1026107.0,74.0,PG-13,Won 6 Oscars. 175 wins & 299 nominations total,"$108,897,830",https://image.tmdb.org/t/p/w500/d5NXSklXo0qyIYkgV94XAgMIckC.jpg
617126,tt10676052,The Fantastic 4: First Steps,2025-07-23,2025,115,"Science Fiction, Adventure, Action","Action, Adventure, Sci-Fi","Against the vibrant backdrop of a 1960s-inspired, retro-futuristic world, Marvel's First Family is forced to balance their roles as heroes with the strength of their family bond, while defending Earth from a ravenous space god called Galactus and his enigmatic Herald, Silver Surfer.","Forced to balance their roles as heroes with the strength of their family bond, the Fantastic Four must defend Earth from a ravenous space god called Galactus and his enigmatic herald, the Silver Surfer.",Matt Shakman,"Pedro Pascal, Vanessa Kirby, Ebon Moss-Bachrach, Joseph Quinn, Ralph Ineson",6.971,3049,28.8087,6.8,241424.0,65.0,PG-13,1 win & 36 nominations total,"$274,286,610",https://image.tmdb.org/t/p/w500/nf5qaSEvyYSNeFH0YhSs5EsBLX9.jpg
603,tt0133093,The Matrix,1999-03-31,1999,136,"Action, Science Fiction","Action, Sci-Fi","Set in the 22nd century, The Matrix tells the story of a computer hacker who joins a group of underground insurgents fighting the vast and powerful computers who now rule the earth.","When a beautiful stranger leads computer hacker Neo to a forbidding underworld, he discovers the shocking truth--the life he knows is the elaborate deception of an evil cyber-intelligence.",Lana Wachowski,"Keanu Reeves, Laurence Fishburne, Carrie-Anne Moss, Hugo Weaving, Gloria Foster",8.239,27471,28.2254,8.7,2228203.0,73.0,R,Won 4 Oscars. 42 wins & 52 nominations total,"$177,559,005",https://image.tmdb.org/t/p/w500/p96dm7sCMn4VYAStA6siNz30G1r.jpg
1087192,tt26743210,How to Train Your Dragon,2025-06-06,2025,125,"Fantasy, Family, Action, Adventure","Action, Adventure, Comedy","On the rugged isle of Berk, where Vikings and dragons have been bitter enemies for generations, Hiccup stands apart, defying centuries of tradition when he befriends Toothless, a feared Night Fury dragon. Their unlikely bond reveals the true nature of dragons, challenging the very foundations of Viking society.","As an ancient threat endangers both Vikings and dragons alike on the isle of Berk, the friendship between Hiccup, an inventive Viking, and Toothless, a Night Fury dragon, becomes the key to both species forging a new future together.",Dean DeBlois,"Mason Thames, Nico Parker, Gerard Butler, Nick Frost, Gabriel Howell",7.931,2647,25.9086,7.7,122205.0,61.0,PG,Nominated for 1 BAFTA Award2 wins & 18 nominations total,"$262,958,100",https://image.tmdb.org/t/p/w500/53dsJ3oEnBhTBVMigWJ9tkA5bzJ.jpg
299536,tt4154756,Avengers: Infinity War,2018-04-25,2018,149,"Adventure, Action, Science Fiction","Action, Adventure, Sci-Fi","As the Avengers and their allies have continued to protect the world from threats too large for any one hero to handle, a new danger has emerged from the cosmic shadows: Thanos. A despot of intergalactic infamy, his goal is to collect all six Infinity Stones, artifacts of unimaginable power, and use them to inflict his twisted will on all of reality. Everything the Avengers have fought for has led up to this moment - the fate of Earth and existence itself has never been more uncertain.",The Avengers and their allies must be willing to sacrifice all in an attempt to defeat the powerful Thanos before his blitz of devastation and ruin puts an end to the universe.,Joe Russo,"Robert Downey Jr., Chris Evans, Chris Hemsworth, Josh Brolin, Mark Ruffalo",8.234,31564,28.4783,8.4,1353948.0,68.0,PG-13,Nominated for 1 Oscar. 48 wins & 80 nominations total,"$678,815,482",https://image.tmdb.org/t/p/w500/7WsyChQLEftFiDOVTGkv3hFpyyt.jpg
101,tt0110413,Léon: The Professional,1994-09-14,1994,111,"Crime, Drama, Action","Action, Crime, Drama","Léon, the top hit man in New York, has earned a rep as an effective ""cleaner"". But when his next-door neighbors are wiped out by a loose-cannon DEA agent, he becomes the unwilling custodian of 12-year-old Mathilda. Before long, Mathilda's thoughts turn to revenge, and she considers following in Léon's footsteps.","When her family is murdered by a group of corrupt officers led by the tyrannical Norman Stansfield, a young 12-year-old girl enlists the help of an Italian-American hitman to seek revenge.",Luc Besson,"Jean Reno, Natalie Portman, Gary Oldman, Danny Aiello, Peter Appel",8.294,15845,25.8213,8.5,1340323.0,64.0,R,5 wins & 16 nominations total,"$19,501,238",https://image.tmdb.org/t/p/w500/bxB2q91nKYp8JNzqE7t7TWBVupB.jpg
87826,tt1648179,Here Comes the Boom,2012-10-10,2012,105,"Comedy, Action, Drama","Action, Comedy, Sport",A high school biology teacher moonlights as a mixed-martial arts fighter in an effort to raise money to save the school's music program.,A high-school biology teacher looks to become a successful mixed martial arts fighter in an effort to raise money to prevent extracurricular activities from being axed at his cash-strapped school.,Frank Coraci,"Kevin James, Salma Hayek Pinault, Henry Winkler, Greg Germann, Joe Rogan",6.218,1553,27.7105,6.4,98803.0,40.0,PG,3 nominations total,"$45,290,318",https://image.tmdb.org/t/p/w500/g3ZjNkQP4M7Cs0clPD9q7EO2P1g.jpg
550,tt0137523,Fight Club,1999-10-15,1999,139,"Drama, Thriller","Crime, Drama, Thriller","A ticking-time-bomb insomniac and a slippery soap salesman channel primal male aggression into a shocking new form of therapy. Their concept catches on, with underground ""fight clubs"" forming in every town, until an eccentric gets in the way and ignites an out-of-control spiral toward oblivion.",An insomniac office worker and a devil-may-care soap maker form an underground fight club that evolves into much more.,David Fincher,"Edward Norton, Brad Pitt, Helena Bonham Carter, Meat Loaf, Jared Leto",8.438,31556,25.8961,8.8,2567948.0,67.0,R,Nominated for 1 Oscar. 12 wins & 38 nominations total,"$37,030,102",https://image.tmdb.org/t/p/w500/pB8BM7pdSp6B6Ih7QZ4DrQ3PmJK.jpg
1022796,tt11304740,Wish,2023-11-13,2023,95,"Animation, Family, Fantasy, Adventure","Animation, Adventure, Comedy","Asha, a sharp-witted idealist, makes a wish so powerful that it is answered by a cosmic force – a little ball of boundless energy called Star. Together, Asha and Star confront a most formidable foe - the ruler of Rosas, King Magnifico - to save her community and prove that when the will of one courageous human connects with the magic of the stars, wondrous things can happen.",A young girl wishes on a star and gets a more direct answer than she bargained for when a trouble-making star comes down from the sky to join her.,Fawn Veerasunthorn,"Ariana DeBose, Chris Pine, Alan Tudyk, Angelique Cabral, Victor Garber",6.223,1741,27.3067,5.5,49621.0,47.0,PG,1 win & 22 nominations total,"$63,973,821",https://image.tmdb.org/t/p/w500/nesuSdJakNkf0zs7OfoasB6Clxf.jpg
575265,tt9603208,Mission: Impossible - The Final Reckoning,2025-05-17,2025,170,"Action, Thriller, Adventure","Action, Adventure, Thriller","Ethan Hunt and team continue their search for the terrifying AI known as the Entity — which has infiltrated intelligence networks all over the globe — with the world's governments and a mysterious ghost from Hunt's past on their trail. Joined by new allies and armed with the means to shut the Entity down for good, Hunt is in a race against time to prevent the world as we know it from changing forever.","Hunt and the IMF pursue a dangerous AI called the Entity that's infiltrated global intelligence. With governments and a figure from his past in pursuit, Hunt races to stop it from forever changing the world.",Christopher McQuarrie,"Tom Cruise, Hayley Atwell, Ving Rhames, Simon Pegg, Esai Morales",7.185,2614,26.9104,7.2,213916.0,67.0,PG-13,31 wins & 39 nominations total,"$197,413,515",https://image.tmdb.org/t/p/w500/z53D72EAOxGRqdr7KXXWp9dJiDe.jpg
634649,tt10872600,Spider-Man: No Way Home,2021-12-15,2021,148,"Action, Adventure, Science Fiction","Action, Adventure, Fantasy","Peter Parker is unmasked and no longer able to separate his normal life from the high-stakes of being a super-hero. When he asks for help from Doctor Strange the stakes become even more dangerous, forcing him to discover what it truly means to be Spider-Man.","With Spider-Man's identity now revealed, Peter asks Doctor Strange for help. When a spell goes wrong, dangerous foes from other worlds start to appear.",Jon Watts,"Tom Holland, Zendaya, Benedict Cumberbatch, Jacob Batalon, Jon Favreau",7.933,21637,24.4609,8.1,1003969.0,71.0,PG-13,Nominated for 1 Oscar. 35 wins & 72 nominations total,"$814,866,759",https://image.tmdb.org/t/p/w500/1g0dhYtq4irTY1GPXvft6k4YLjm.jpg
557,tt0145487,Spider-Man,2002-05-01,2002,121,"Action, Science Fiction","Action, Adventure, Sci-Fi","After being bitten by a genetically altered spider at Oscorp, nerdy but endearing high school student Peter Parker is endowed with amazing powers to become the superhero known as Spider-Man.","After being bitten by a genetically-modified spider, a shy teenager gains spider-like abilities that he uses to fight injustice as a masked superhero and face a vengeful enemy.",Sam Raimi,"Tobey Maguire, Willem Dafoe, Kirsten Dunst, James Franco, Cliff Robertson",7.322,20366,28.3147,7.4,958249.0,73.0,PG-13,Nominated for 2 Oscars. 17 wins & 65 nominations total,"$408,524,875",https://image.tmdb.org/t/p/w500/kjdJntyBeEvqm9w97QGBdxPptzj.jpg
120,tt0120737,The Lord of the Rings: The Fellowship of the Ring,2001-12-18,2001,179,"Adventure, Fantasy, Action","Adventure, Drama, Fantasy","Young hobbit Frodo Baggins, after inheriting a mysterious ring from his uncle Bilbo, must leave his home in order to keep it from falling into the hands of its evil creator. Along the way, a fellowship is formed to protect the ringbearer and make sure that the ring arrives at its final destination: Mt. Doom, the only place where it can be destroyed.",A meek Hobbit from the Shire and eight companions set out on a journey to destroy the powerful One Ring and save Middle-earth from the Dark Lord Sauron.,Peter Jackson,"Elijah Wood, Ian McKellen, Viggo Mortensen, Sean Astin, Ian Holm",8.4,27114,25.5873,8.9,2190837.0,92.0,PG-13,Won 4 Oscars. 126 wins & 127 nominations total,"$325,873,309",https://image.tmdb.org/t/p/w500/6oom5QYQ2yQTMJIbnvbkBL9cHo6.jpg
674,tt0330373,Harry Potter and the Goblet of Fire,2005-11-16,2005,157,"Adventure, Fantasy","Adventure, Family, Fantasy","When his name emerges from the Goblet of Fire, Harry Potter becomes a competitor in a grueling battle for glory among three wizarding schools—the Triwizard Tournament. But since Harry never submitted his name for the Tournament, who did? Now Harry must confront a deadly dragon, fierce water demons, and an enchanted maze only to find himself in the cruel grasp of He Who Must Not Be Named.","Harry Potter finds himself competing in a hazardous tournament between rival schools of magic, but he is distracted by recurring nightmares.",Mike Newell,"Daniel Radcliffe, Rupert Grint, Emma Watson, Brendan Gleeson, Michael Gambon",7.801,21910,23.7179,7.7,746138.0,81.0,PG-13,Nominated for 1 Oscar. 13 wins & 48 nominations total,"$291,239,805",https://image.tmdb.org/t/p/w500/fECBtHlr0RB3foNHDiCBXeg9Bv9.jpg
12,tt0266543,Finding Nemo,2003-05-30,2003,100,"Animation, Family, Adventure","Animation, Adventure, Comedy","Nemo, an adventurous young clownfish, is unexpectedly taken from his Great Barrier Reef home to a dentist's office aquarium. It's up to his worrisome father Marlin and a friendly but forgetful fish Dory to bring Nemo home -- meeting vegetarian sharks, surfer dude turtles, hypnotic jellyfish, hungry seagulls, and more along the way.","After his son is captured in the Great Barrier Reef and taken to Sydney, a timid clownfish sets out on a journey to bring him home.",Andrew Stanton,"Albert Brooks, Ellen DeGeneres, Alexander Gould, Willem Dafoe, Geoffrey Rush",7.817,20328,24.9589,8.2,1196544.0,90.0,G,Won 1 Oscar. 49 wins & 63 nominations total,"$380,843,261",https://image.tmdb.org/t/p/w500/eHuGQ10FUzK1mdOY69wF5pGgEf5.jpg
301528,tt1979376,Toy Story 4,2019-06-19,2019,100,"Family, Comedy, Animation, Adventure","Animation, Adventure, Comedy","Woody has always been confident about his place in the world, devoted to taking care of his kid—whether that's Andy or Bonnie. But after Bonnie creates a reluctant new toy called ""Forky"", a road trip adventure alongside old and new friends challenges everything Woody believes about loyalty, purpose, and what it truly means to be a toy.","When Woody, Buzz, and the gang join Bonnie on a road trip with her new craft project turned toy, Forky, the innocent little spork's antics launch Woody on a wild quest.",Josh Cooley,"Tom Hanks, Tim Allen, Annie Potts, Tony Hale, Keegan-Michael Key",7.466,10383,22.439,7.6,310352.0,84.0,G,Won 1 Oscar. 61 wins & 65 nominations total,"$434,038,008",https://image.tmdb.org/t/p/w500/w9kR8qbmQ01HwnvK4alvnQ2ca0L.jpg
807,tt0114369,Se7en,1995-09-22,1995,127,"Crime, Mystery, Thriller","Crime, Drama, Mystery","Two homicide detectives are on a desperate hunt for a serial killer whose crimes are based on the ""seven deadly sins"" in this dark and haunting film that takes viewers from the tortured remains of one victim to the next. The seasoned Det. Somerset researches each sin in an effort to get inside the killer's mind, while his novice partner, Mills, scoffs at his efforts to unravel the case.","Two detectives, a rookie and a veteran, hunt a serial killer who uses the seven deadly sins as his motives.",David Fincher,"Morgan Freeman, Brad Pitt, Gwyneth Paltrow, John Cassini, Peter Crombie",8.4,22722,25.7852,8.6,1995504.0,65.0,R,Nominated for 1 Oscar. 29 wins & 44 nominations total,"$101,871,174",https://image.tmdb.org/t/p/w500/191nKfP0ehp3uIvWqgPbFmI4lv9.jpg
156022,tt0455944,The Equalizer,2014-09-24,2014,132,"Thriller, Action, Crime","Action, Crime, Thriller","McCall believes he has put his mysterious past behind him and dedicated himself to beginning a new, quiet life. But when he meets Teri, a young girl under the control of ultra-violent Russian gangsters, he can’t stand idly by – he has to help her. Armed with hidden skills that allow him to serve vengeance against anyone who would brutalize the helpless, McCall comes out of his self-imposed retirement and finds his desire for justice reawakened. If someone has a problem, if the odds are stacked against them, if they have nowhere else to turn, McCall will help. He is The Equalizer.",A man who believes he has put his mysterious past behind him cannot stand idly by when he meets a young girl under the control of ultra-violent Russian gangsters.,Antoine Fuqua,"Denzel Washington, Marton Csokas, Chloë Grace Moretz, David Harbour, Haley Bennett",7.281,9781,19.8391,7.3,461989.0,57.0,R,1 win & 9 nominations total,"$101,530,738",https://image.tmdb.org/t/p/w500/9u4yW7yPA0BQ2pv9XwiNzItwvp8.jpg
13652,tt1002966,Ca$h,2008-04-23,2008,100,"Comedy, Thriller, Crime","Comedy, Crime, Thriller","A man meets up with two ""good guys"" to recover what is unlawfully his, taking them on his whirlwind ride, doing things they never would have imagined, just to survive.","After his brother is killed, Cash allies with a famous thief to pull of the biggest robbery in history.",Éric Besnard,"Jean Dujardin, Jean Reno, Valeria Golino, Alice Taglioni, François Berléand",5.7,284,24.296,5.9,5131.0,,Not Rated,N/A,N/A,https://image.tmdb.org/t/p/w500/4Lwmsz1qQ0fNBLf5KBBrlzsozee.jpg
1078605,tt26581740,Weapons,2025-08-04,2025,129,"Horror, Mystery","Horror, Mystery","When all but one child from the same class mysteriously vanish on the same night at exactly the same time, a community is left questioning who or what is behind their disappearance.","When all but one child from the same class mysteriously vanish on the same night at exactly the same time, a community is left questioning who or what is behind their disappearance.",Zach Cregger,"Julia Garner, Josh Brolin, Alden Ehrenreich, Austin Abrams, Benedict Wong",7.272,2993,25.5599,7.4,312653.0,81.0,R,Nominated for 1 Oscar. 46 wins & 114 nominations total,"$151,572,492",https://image.tmdb.org/t/p/w500/cpf7vsRZ0MYRQcnLWteD5jK9ymT.jpg
13564,tt0827782,Return to House on Haunted Hill,2007-10-03,2007,81,"Horror, Thriller","Crime, Fantasy, Horror, Mystery, Thriller","Eight years have passed since Sara Wolfe and Eddie Baker escaped the House on Haunted Hill. Now the kidnapped Ariel, Sara's sister, goes inside the house with a group of treasure hunters to find the statue of Baphomet, worth millions and believed to be the cause of the House's evil.","Several years after the events from the first movie, an evil mercenary group and a team of researchers they've taken hostage return to the haunted asylum in search of a precious statue, a satanic idol believed to possess demonic powers.",Víctor García,"Amanda Righetti, Cerina Vincent, Erik Palladino, Jeffrey Combs, Andrew Pleavin",5.48,320,25.9539,4.6,9415.0,,R,1 win.,N/A,https://image.tmdb.org/t/p/w500/ipBiyifbFqY0ZduO3R9OPBjc2pH.jpg
385687,tt5433140,Fast X,2023-05-17,2023,142,"Action, Crime, Thriller","Action, Adventure, Crime","Over many missions and against impossible odds, Dom Toretto and his family have outsmarted, out-nerved and outdriven every foe in their path. Now, they confront the most lethal opponent they've ever faced: A terrifying threat emerging from the shadows of the past who's fueled by blood revenge, and who is determined to shatter this family and destroy everything—and everyone—that Dom loves, forever.",Dom Toretto and his family are targeted by the vengeful son of drug kingpin Hernan Reyes.,Louis Leterrier,"Vin Diesel, Michelle Rodriguez, Tyrese Gibson, Ludacris, John Cena",7.002,6222,27.3418,5.7,142324.0,56.0,PG-13,2 wins & 19 nominations total,"$146,126,015",https://image.tmdb.org/t/p/w500/fiVW06jE7z9YnO4trhaMEdclSiC.jpg
950387,tt3566834,A Minecraft Movie,2025-03-31,2025,101,"Family, Fantasy, Comedy, Adventure","Action, Adventure, Comedy","Four misfits find themselves struggling with ordinary problems when they are suddenly pulled through a mysterious portal into the Overworld: a bizarre, cubic wonderland that thrives on imagination. To get back home, they'll have to master this world while embarking on a magical quest with an unexpected, expert crafter, Steve.",Four misfits are suddenly pulled through a mysterious portal into a bizarre cubic wonderland that thrives on imagination. To get back home they'll have to master this world while embarking on a quest with an unexpected expert craf...,Jared Hess,"Jason Momoa, Jack Black, Sebastian Eugene Hansen, Emma Myers, Danielle Brooks",6.273,2827,23.6147,5.6,153774.0,45.0,PG,2 wins & 15 nominations total,"$424,087,780",https://image.tmdb.org/t/p/w500/yFHHfHcUgGAxziP1C3lLt0q2T4s.jpg
414906,tt1877830,The Batman,2022-03-01,2022,177,"Crime, Mystery, Thriller","Action, Crime, Drama","In his second year of fighting crime, Batman uncovers corruption in Gotham City that connects to his own family while facing a serial killer known as the Riddler.","When a sadistic serial killer begins murdering key political figures in Gotham, the Batman is forced to investigate the city's hidden corruption and question his family's involvement.",Matt Reeves,"Robert Pattinson, Zoë Kravitz, Jeffrey Wright, Colin Farrell, Paul Dano",7.657,11668,21.4183,7.8,917588.0,72.0,PG-13,Nominated for 3 Oscars. 40 wins & 175 nominations total,"$369,801,546",https://image.tmdb.org/t/p/w500/74xTEgt7R36Fpooo50r9T25onhq.jpg
40180,tt0073535,The Night Caller,1975-04-09,1975,125,"Thriller, Action, Crime","Action, Crime, Drama","A serial-killer frightens Paris by phoning young ladies at night, telling them insults about their lives. Minos, as he calls himself, wants to prevent the world from free women and he targets at first these ones. Commissaire Letellier is given the investigation and he has hard work with the maniac.","Commissaire Letellier and Inspector Moissac are tracking Minos, a serial killer whose victims are women.",Henri Verneuil,"Jean-Paul Belmondo, Charles Denner, Adalberto Maria Merli, Rosy Varte, Jean Martin",7.199,274,25.8533,6.9,4728.0,,R,N/A,N/A,https://image.tmdb.org/t/p/w500/c6GSsxdP7OqpV67724sNivK2GWL.jpg
76600,tt1630029,Avatar: The Way of Water,2022-12-14,2022,192,"Action, Adventure, Science Fiction","Animation, Action, Adventure","Set more than a decade after the events of the first film, learn the story of the Sully family (Jake, Neytiri, and their kids), the trouble that follows them, the lengths they go to keep each other safe, the battles they fight to stay alive, and the tragedies they endure.","Jake Sully lives with his newfound family formed on the extrasolar moon Pandora. Once a familiar threat returns to finish what was previously started, Jake must work with Neytiri and the army of the Na'vi race to protect their home.",James Cameron,"Sam Worthington, Zoe Saldaña, Sigourney Weaver, Stephen Lang, Kate Winslet",7.597,13799,27.7559,7.5,601100.0,67.0,PG-13,Won 1 Oscar. 74 wins & 153 nominations total,"$688,459,501",https://image.tmdb.org/t/p/w500/t6HIqrRAclMCA60NsSmeqe9RmNV.jpg
671318,tt8928230,¿Y Cómo Es Él?,2022-04-07,2022,95,"Comedy, Drama",Comedy,"Thomas is a meek man on the verge of a nervous breakdown. Despite his situation he decides to fake a work trip to go to Vallarta to confront Jero, a taxi driver who is sleeping with his wife.","Tomás is a meek man on the verge of a nervous breakdown. Despite his situation he decides to fake a work trip to go to Vallarta to confront Jero, a taxi driver who is sleeping with his wife.",Ariel Winograd,"Zuria Vega, Mauricio Ochmann, Omar Chaparro, Consuelo Duval, Miguel Rodarte",7.504,260,25.5994,5.5,272.0,,PG-13,1 win & 1 nomination,"$1,500,636",https://image.tmdb.org/t/p/w500/n5nH4IcSmlYgAil6NOVvn6d35BH.jpg
